<?xml version="1.0" encoding="utf-8" standalone="no"?>
<vehicle type="cutter">
    <annotation>Copyright (C) GIANTS Software GmbH, All Rights Reserved.</annotation>
    <storeData>
        <name>Hard Stream</name>
        <specs>
            <workingWidth>4</workingWidth>
            <combination>Niva</combination>
        </specs>
        <functions>
            <function>$l10n_function_cutter</function>
        </functions>
        <image>store_rsmGks5.png</image>
        <price>12000</price>
        <lifetime>600</lifetime>
        <rotation>0</rotation>
        <brand>ROSTSELMASH</brand>
        <category>cutters</category>
        <vertexBufferMemoryUsage>874176</vertexBufferMemoryUsage>
        <indexBufferMemoryUsage>126342</indexBufferMemoryUsage>
        <textureMemoryUsage>6203704</textureMemoryUsage>
        <instanceVertexBufferMemoryUsage>0</instanceVertexBufferMemoryUsage>
        <instanceIndexBufferMemoryUsage>0</instanceIndexBufferMemoryUsage>
    </storeData>
    <base>
        <typeDesc>$l10n_typeDesc_cutter</typeDesc>
        <filename>rostselmash/rsmGks5.i3d</filename>
        <size width="5" length="2.5"/>
        <speedLimit value="10"/>
        <components>
            <component centerOfMass="0 0 0" mass="1200" />
        </components>
        <schemaOverlay attacherJointPosition="0 0">
            <default name="DEFAULT_IMPLEMENT"/>
            <selected name="DEFAULT_IMPLEMENT_SELECTED"/>
        </schemaOverlay>
    </base>
	
    <attachable>
        <inputAttacherJoints>
            <inputAttacherJoint node="0>0" jointType="cutter">
                <heightNode node="0>12"/>
                <distanceToGround lower="0.4" upper="2.1"/>
            </inputAttacherJoint>
        </inputAttacherJoints>
    </attachable>
	
    <groundReferenceNodes>
        <groundReferenceNode node="0>11" threshold="0.4" />
    </groundReferenceNodes>
	
    <workAreas>
        <workArea type="cutter" functionName="processCutterArea" >
            <area startNode="0>1" widthNode="0>2" heightNode="0>3" />
            <groundReferenceNode index="1" />
        </workArea>
    </workAreas>
	
    <turnOnVehicle turnedOnByAttacherVehicle="true">
    </turnOnVehicle>
	
    <powerConsumer ptoRpm="540" neededMaxPtoPower="20"/>
	
	
    <powerTakeOffs>
        <input inputNode="0>6" inputAttacherJointIndices="1" aboveAttacher="true" ptoName="LEFT_PTO"/>
    </powerTakeOffs>
	
    <cylindered>
	
        <movingTools>
            <movingTool node="0>7|1|0|0|0" playSound="true">
                <controls axis="AXIS_CUTTER_REEL2" invertAxis="true" mouseSpeedFactor="0.9" iconName="REEL_TRANSLATE_Y"/>
                <translation transSpeed="0.1" transAcceleration="10" transMax="0" transMin="-0.17" translationAxis="3" startTrans="-0.05"/>
                <dependentPart node="0>7|1|0|0|0|2" />
                <dependentPart node="0>7|1|1" />
            </movingTool>
            <movingTool node="0>7|1|0" playSound="true" >
                <controls axis="AXIS_CUTTER_REEL" invertAxis="false" mouseSpeedFactor="0.9" iconName="REEL_TRANSLATE_X" />
				<rotation rotSpeed="20" rotAcceleration="50" rotMax="22" rotMin="-2" startRot="22"/>
                <dependentPart node="0>7|1|0|0|0|2" />
                <dependentPart node="0>7|1|1" />
                <dependentPart node="0>7|4" />
            </movingTool>
            <movingTool node="0>7|1|0|0|0|1">
                <dependentPart node="0>7|1|0|0|0|0|0"/>
                <dependentPart node="0>7|1|0|0|0|0|1"/>
                <dependentPart node="0>7|1|0|0|0|0|2"/>
                <dependentPart node="0>7|1|0|0|0|0|3"/>
                <dependentPart node="0>7|1|0|0|0|0|4"/>
            </movingTool>
        </movingTools>
	
        <movingParts>

            <movingPart node="0>7|4" referencePoint="0>7|1|0|2" referenceFrame="0>7|1|0|2" isActiveDirty="true">
                <translatingPart node="0>7|4|0"/>
            </movingPart>

            <movingPart node="0>7|1|0|0|0|2" referencePoint="0>7|2" referenceFrame="0>" isActiveDirty="true">
                <translatingPart node="0>7|1|0|0|0|2|0"/>
            </movingPart>

            <movingPart node="0>7|1|1" referencePoint="0>7|1|0|0|0|3" localReferencePoint="0>7|1|1|0" referenceFrame="0>7|1|0|1"  isActiveDirty="true" >
                <dependentPart node="0>7|1|1|0" />
            </movingPart>
            <movingPart node="0>7|1|1|0" referencePoint="0>7|1|0|0|0|3" referenceFrame="0>7|1|0|0|0|3" />

            <movingPart node="0>7|1|0|0|0|0|0" referenceFrame="0>"/>
            <movingPart node="0>7|1|0|0|0|0|1" referenceFrame="0>"/>
            <movingPart node="0>7|1|0|0|0|0|2" referenceFrame="0>"/>
            <movingPart node="0>7|1|0|0|0|0|3" referenceFrame="0>"/>
            <movingPart node="0>7|1|0|0|0|0|4" referenceFrame="0>"/>
        </movingParts>
	
        <sounds>
            <hydraulic template="DEFAULT_HYDRAULIC_SOUND"/>
        </sounds>
    </cylindered>
	
    <cutter fruitTypeCategories="grainHeader">

        <testAreas>
            <testArea startNode="0>9|0" widthNode="0>9|0|0" heightNode="0>9|0|1"/>
            <testArea startNode="0>9|1" widthNode="0>9|1|0" heightNode="0>9|1|1"/>
            <testArea startNode="0>9|2" widthNode="0>9|2|0" heightNode="0>9|2|1"/>
            <testArea startNode="0>9|3" widthNode="0>9|3|0" heightNode="0>9|3|1"/>
        </testAreas>

        <effect>
            <effectNode linkNode="0>10|0" speedScale="0.0018" effectType="CENTER" changeSpeedScale="0.01"/>
            <effectNode linkNode="0>10|1" speedScale="0.0013" lengthAndRadius="0.3 1 0.2 2.1" effectType="LEFT" useInterpolation="true" minOffset="3"/>
            <effectNode linkNode="0>10|2" speedScale="0.0013" lengthAndRadius="0.3 1 0.2 2.1" effectType="RIGHT" useInterpolation="true" minOffset="3" useMaxValue="true"/>
        </effect>

        <fillEffect>
            <effectNode effectClass="ParticleEffect" effectNode="0>10|3" particleType="SMOKE" emitCountScale="0.1" worldSpace="false" useCuttingWidth="false"/>
        </fillEffect>

        <animationNodes>
            <animationNode node="0>7|1|1|0|0" shaderParameterName="offsetUV" shaderComponentScale="-0.1 0 0 0" rotSpeed="-5000" turnOnFadeTime="5" turnOffFadeTime="5"/>
            <animationNode node="0>7|1|1|2" shaderParameterName="offsetUV" shaderComponentScale="-0.1 0 0 0" rotSpeed="-5000" turnOnFadeTime="5" turnOffFadeTime="5"/>
            <animationNode node="0>7|5" shaderParameterName="offsetUV" shaderComponentScale="-0.1 0 0 0" rotSpeed="-5000" turnOnFadeTime="5" turnOffFadeTime="5"/>
		
            <animationNode node="0>7|0"       rotSpeed="800" rotAxis="1" turnOnFadeTime="1" turnOffFadeTime="1"/>
            <animationNode node="0>7|3|0" rotSpeed="540" rotAxis="1" turnOnFadeTime="1" turnOffFadeTime="1"/>
            <animationNode node="0>7|3|1" rotSpeed="540" rotAxis="1" turnOnFadeTime="1" turnOffFadeTime="1"/>
            <animationNode node="0>7|1|1|1" rotSpeed="-378" rotAxis="1" turnOnFadeTime="1" turnOffFadeTime="1"/>
            <animationNode node="0>7|1|0|0|0|0" rotSpeed="147" rotAxis="1" turnOnFadeTime="1" turnOffFadeTime="1"/>
            <animationNode node="0>7|1|0|0|0|1" rotSpeed="147" rotAxis="1" turnOnFadeTime="1" turnOffFadeTime="1"/>
        </animationNodes>
    </cutter>
	
	
    <dynamicMount forceLimitScale="1"/>
	
    <wearable wearDuration="480" workMultiplier="5" fieldMultiplier="2"/>
    <washable dirtDuration="90" washDuration="1" workMultiplier="4" fieldMultiplier="2"/>
	
    <ai>
        <areaMarkers leftNode="0>13|0|0" rightNode="0>13|0|1" backNode="0>13|0|2"/>
        <sizeMarkers leftNode="0>13|1|0" rightNode="0>13|1|1" backNode="0>13|1|2"/>
        <collisionTrigger node="0>8"/>
    </ai>
	
    <foliageBending>
        <bendingNode minX="-2.55" maxX="2.8" minZ="-1.3" maxZ="0.3" yOffset="0.45" />
    </foliageBending>
	
	
</vehicle>
