<?xml version="1.0" encoding="utf-8" standalone="no"?>
<vehicle type="combineDrivable">
    <annotation>Copyright (C) GIANTS Software GmbH, All Rights Reserved.</annotation>
    <storeData>
        <name>Niva</name>
        <specs>
            <combination>Hard Stream</combination>
            <power>155</power>
        </specs>
        <functions>
            <function>$l10n_function_combine</function>
        </functions>
        <image>store_rsmNiva.png</image>
        <price>75000</price>
        <lifetime>600</lifetime>
        <rotation>0</rotation>
        <brand>ROSTSELMASH</brand>
        <category>harvesters</category>
        <vertexBufferMemoryUsage>1797572</vertexBufferMemoryUsage>
        <indexBufferMemoryUsage>274248</indexBufferMemoryUsage>
        <textureMemoryUsage>20709152</textureMemoryUsage>
        <instanceVertexBufferMemoryUsage>0</instanceVertexBufferMemoryUsage>
        <instanceIndexBufferMemoryUsage>0</instanceIndexBufferMemoryUsage>
    </storeData>
    <base>
        <typeDesc>$l10n_typeDesc_harvester</typeDesc>
        <filename>rostselmash/rsmNiva.i3d</filename>
        <size width="5" length="11" lengthOffset="0"/>
        <components>
            <component centerOfMass="0 0.75 -0.2" solverIterationCount="10" mass="6000" />
        </components>
        <schemaOverlay attacherJointPosition="0.5 0">
            <default name="DEFAULT_VEHICLE"/>
            <turnedOn name="DEFAULT_VEHICLE_ON"/>
            <selected name="DEFAULT_VEHICLE_SELECTED"/>
            <turnedOnSelected name="DEFAULT_VEHICLE_SELECTED_ON"/>
        </schemaOverlay>
    </base>
	
    <wheels>
        <wheelConfigurations>
            <wheelConfiguration name="$l10n_configuration_valueDefault" price="0">
                <wheels autoRotateBackSpeed="1.7">
                    <wheel filename="$data/shared/wheels/trelleborg/TM2000/620_75R26.xml" isLeft="false" hasTireTracks="true" hasParticles="true">
                        <physics tipOcclusionAreaGroupId="1" restLoad="1.8" repr="0>0"  forcePointRatio="0.5" frictionScale="2" initialCompression="20" suspTravel="0.2" spring="40" damper="40"/>
                    </wheel>
                    <wheel filename="$data/shared/wheels/trelleborg/TM2000/620_75R26.xml" isLeft="true" hasTireTracks="true" hasParticles="true">
                        <physics tipOcclusionAreaGroupId="1" restLoad="1.8" repr="0>1" forcePointRatio="0.5" frictionScale="2" initialCompression="20" suspTravel="0.2" spring="40" damper="40"/>
                    </wheel>
                    <wheel filename="$data/shared/wheels/trelleborg/TM600/380_85R24.xml" isLeft="false" hasTireTracks="true" hasParticles="true">
                        <physics tipOcclusionAreaGroupId="1" rotSpeed="-1" restLoad="3.1" repr="0>2|0"  driveNode="0>2|0|0|0"  forcePointRatio="0.5" frictionScale="2" initialCompression="50" suspTravel="0.15" spring="39" damper="40"/>
                    </wheel>
                    <wheel filename="$data/shared/wheels/trelleborg/TM600/380_85R24.xml" isLeft="true" hasTireTracks="true" hasParticles="true">
                        <physics tipOcclusionAreaGroupId="1" rotSpeed="-1" restLoad="3.1" repr="0>3|0" driveNode="0>3|0|0|0" forcePointRatio="0.5" frictionScale="2" initialCompression="50" suspTravel="0.15" spring="39" damper="40"/>
                    </wheel>
                </wheels>
            </wheelConfiguration>
        </wheelConfigurations>

        <ackermannSteeringConfigurations>
            <ackermannSteering rotSpeed="40" rotMax="45" rotCenterWheel1="1" rotCenterWheel2="2" />
        </ackermannSteeringConfigurations>

        <rimColor>SHARED_WHITE2</rimColor>

        <hubs>
            <color0>SHARED_BLACK2</color0>
            <color1>SHARED_BLACK2</color1>
            <hub linkNode="0>0"      filename="$data/shared/wheels/hubs/hub_n8_7.xml" isLeft="false"  scale="0.285 0.285 0.285" />
            <hub linkNode="0>1"     filename="$data/shared/wheels/hubs/hub_n8_7.xml" isLeft="true" scale="0.285 0.285 0.285" />
            <hub linkNode="0>2|0|0|0"  filename="$data/shared/wheels/hubs/hub_n8_7.xml" isLeft="false"  scale="0.203 0.203 0.203" />
            <hub linkNode="0>3|0|0|0" filename="$data/shared/wheels/hubs/hub_n8_7.xml" isLeft="true" scale="0.203 0.203 0.203" />
        </hubs>
    </wheels>
	
    <attacherJoints>
        <attacherJoint jointType="cutter" node="0>11|0|0" jointPositionOffset="0 0 -1.694" lowerTransLimit="0 0 0" lowerRotLimit="0 0 15" lockDownRotLimit="true" moveTime="2.5" comboTime="0">
            <distanceToGround lower="0.91" upper="2.13" />
            <rotationNode node="0>11|0" lowerRotation="30 0 0" upperRotation="-12 0 0" />
            <bottomArm rotationNode="0>11|1" referenceNode="0>11|1|0" startRotation="0 0 0"/>
            <schema position="1 0" rotation="0" invertX="true" />
            <attachSound template="HEADER_ATTACH_01" linkNode="0>11|0|0" />
        </attacherJoint>

        <sounds>
            <hydraulic template="DEFAULT_HYDRAULIC_SOUND" linkNode="0>11|1" />
        </sounds>
    </attacherJoints>
	
	<turnOnVehicle turnOffIfNotAllowed="true" >
    </turnOnVehicle>
	
	
    <powerConsumer ptoRpm="350" neededMaxPtoPower="10"/>	
	
    <powerTakeOffs>
        <output attacherJointIndices="1" outputNode="0>11|1|4"  ptoName="LEFT_PTO"/>
    </powerTakeOffs>
	
    <lights>
        <sharedLight linkNode="0>16|0|0" lightTypes="1"   filename="$data/shared/assets/lights/lizard/workingLightCircle_02.xml" />
        <sharedLight linkNode="0>16|0|1" lightTypes="0"   filename="$data/shared/assets/lights/lizard/workingLightCircle_02.xml" />
        <sharedLight linkNode="0>16|0|2" lightTypes="0"   filename="$data/shared/assets/lights/lizard/workingLightCircle_02.xml" />
        <sharedLight linkNode="0>16|0|3" lightTypes="1"   filename="$data/shared/assets/lights/lizard/workingLightCircle_02.xml" />
        <sharedLight linkNode="0>16|0|4" lightTypes="2"   filename="$data/shared/assets/lights/lizard/workingLightCircle_02.xml" />
        <sharedLight linkNode="0>16|0|5" lightTypes="2"   filename="$data/shared/assets/lights/lizard/workingLightCircle_02.xml" />
        <sharedLight linkNode="0>16|0|6" lightTypes="2"   filename="$data/shared/assets/lights/lizard/frontLightRectangle_01Orange_left.xml" />
        <sharedLight linkNode="0>16|0|7" lightTypes="2"   filename="$data/shared/assets/lights/lizard/frontLightRectangle_01Orange_right.xml" />

        <states>
            <state lightTypes="0" />
            <state lightTypes="0 1" />
            <state lightTypes="0 1 2" />
            <state lightTypes="0 1 2 4" />
        </states>

        <realLights>
            <low>
                <light node="0>16|3|0"             lightTypes="0" excludedLightTypes="2 3" />
                <light node="0>16|1|1"          lightTypes="1"/>
                <light node="0>16|1|0"         lightTypes="2"/>
            </low>
            <high>
                <light node="0>16|3|1"            lightTypes="0" excludedLightTypes="2 3" />
                <light node="0>16|1|2"            lightTypes="1"/>
                <light node="0>16|1|3"       lightTypes="2"/>
                <turnLightLeft node="0>16|2|0" />
                <turnLightRight node="0>16|2|1" />
            </high>
			
        </realLights>

        <sounds>
            <switchLight template="SWITCH_01"  />
            <turnLight template="SWITCH_TURNLIGHT"  />
        </sounds>

    </lights>
	
    <workAreas>
        <workArea type="combineSwath" functionName="processCombineSwathArea" requiresGroundContact="false" disableBackwards="false">
            <area startNode="0>13|1|0" widthNode="0>13|1|1" heightNode="0>13|1|2" />
        </workArea>
        <workArea type="combineChopper" functionName="processCombineChopperArea" requiresGroundContact="false" disableBackwards="false">
            <area startNode="0>13|0|0" widthNode="0>13|0|1" heightNode="0>13|0|2" />
        </workArea>
    </workAreas>
	
    <enterable isTabbable="true" >
        <enterReferenceNode node="0>6" />
        <exitPoint node="0>6" />

        <cameras>
            <camera node="4|0|0" rotatable="true" rotateNode="4|0" limit="true" useWorldXZRotation="true" rotMinX="-1.4" rotMaxX="1" transMin="5" transMax="40" translation="0 0 9.6" rotation="-25 180 0" >
                <raycastNode node="0>5|0"/>
                <raycastNode node="0>5|1"/>
            </camera>
            <camera node="4|1" rotation="-25 180 0" rotatable="true" limit="true" rotMinX="-1.1" rotMaxX="0.4" transMin="0" transMax="0" useMirror="true" isInside="true" shadowFocusBox="0>4|2"/>
        </cameras>

        <mirrors>
            <mirror node="0>21|0|0" prio="1" />
            <mirror node="0>21|0|1" prio="2" />
        </mirrors>


        <mirrors>
            <mirror node="0>21|0|0" prio="1" />
        </mirrors>

        <characterNode node="0>10|0" cameraMinDistance="1.5" spineRotation="-90 0 90" >
            <target ikChain="rightFoot" targetNode="0>10|1" />
            <target ikChain="leftFoot"  targetNode="0>10|2" />
            <target ikChain="rightArm"  targetNode="0>10|3" poseId="wideFingers" />
            <target ikChain="leftArm"   targetNode="0>8|0|0" />
        </characterNode>

        <characterTargetNodeModifier node="0>10|1" transitionTime="0.1" >
            <state node="0>22|1|1"   referenceNode="0>22|1" directionReferenceNode="0>22|1|0" />
            <state node="0>22|2|0" referenceNode="0>22|2" />
        </characterTargetNodeModifier>

    </enterable>
	
    <dashboard>
        <groups>
            <group name="MOTOR_ACTIVE" isMotorStarting="true" isMotorRunning="true"/>
        </groups>
    </dashboard>
	
	
	
    <motorized>
        <consumerConfigurations>
            <consumerConfiguration>
                <consumer fillUnitIndex="2" usage="72"  fillType="diesel" />  <!-- usage is per hour at max load and max rpm -->
            </consumerConfiguration>
        </consumerConfigurations>

        <differentialConfigurations>
            <differentialConfiguration>
                <differentials>
                    <differential torqueRatio="0.5" maxSpeedRatio="1.55" wheelIndex1="1" wheelIndex2="2" /> <!-- front left-right -->
                    <differential torqueRatio="0.5" maxSpeedRatio="1.35" wheelIndex1="3" wheelIndex2="4" /> <!-- back left-right -->
                    <differential torqueRatio="0.5" maxSpeedRatio="1.2" differentialIndex1="1" differentialIndex2="2" /> <!-- front-back -->
                </differentials>
            </differentialConfiguration>
        </differentialConfigurations>

        <motorConfigurations>
            <motorConfiguration name="NIVA" hp="155" price="0">
                <motor torqueScale="0.69" minRpm="1000" maxRpm="2200" maxBackwardSpeed="15" brakeForce="4" lowBrakeForceScale="0.22" lowBrakeForceSpeedLimit="1">
                    <torque normRpm="0.45" torque="0.9"/>
                    <torque normRpm="0.5" torque="0.97"/>
                    <torque normRpm="0.59" torque="1"/>
                    <torque normRpm="0.72" torque="1"/>
                    <torque normRpm="0.86" torque="0.88"/>
                    <torque normRpm="1" torque="0.72"/>
                </motor>
                <transmission minForwardGearRatio="37.8" maxForwardGearRatio="250" minBackwardGearRatio="55" maxBackwardGearRatio="200" />
            </motorConfiguration>
        </motorConfigurations>

        <exhaustEffects>
            <exhaustEffect node="0>12|0|0" filename="$data/particleSystems/shared/exhaust.i3d" minRpmColor="0.9 0.9 0.9 0.05" maxRpmColor="0.9 0.9 0.9 0.2" minRpmScale="0.03" maxRpmScale="0.2" xzRotationsOffset="40 0" xzRotationsForward="20 80" xzRotationsBackward="20 -80" xzRotationsLeft="20 80" xzRotationsRight="20 -80" />
        </exhaustEffects>

        <brakeCompressor capacity="2000" fillSpeed="250" />
        <motorStartDuration>4500</motorStartDuration>

        <sounds externalSoundFile="$data/sounds/vehicles/engine/rostselmash_nova330/rostselmash_nova330.xml" />

        <dashboards>
            <dashboard displayType="NUMBER"    valueType="rpm" numbers="0>21|1|0" precision="1" groups="MOTOR_ACTIVE"/>
        </dashboards>
		
        <animationNodes>
		
			<animationNode node="0>20" shaderParameterName="offsetUV" shaderComponentScale="-0.1 0 0 0" rotSpeed="-5000" turnOnFadeTime="5" turnOffFadeTime="5"/>
		
		
            <animationNode node="0>19|0"        rotSpeed="400"  rotAxis="1" turnOnFadeTime="2" turnOffFadeTime="2" />
            <animationNode node="0>19|1"        rotSpeed="400"  rotAxis="1" turnOnFadeTime="2" turnOffFadeTime="2" />
            <animationNode node="0>19|3"        rotSpeed="400"  rotAxis="1" turnOnFadeTime="2" turnOffFadeTime="2" />
            <animationNode node="0>19|4"        rotSpeed="400"  rotAxis="1" turnOnFadeTime="2" turnOffFadeTime="2" />
            <animationNode node="0>19|5"        rotSpeed="400"  rotAxis="1" turnOnFadeTime="2" turnOffFadeTime="2" />
            <animationNode node="0>19|6"        rotSpeed="400"  rotAxis="1" turnOnFadeTime="2" turnOffFadeTime="2" />
            <animationNode node="0>19|8"        rotSpeed="400"  rotAxis="1" turnOnFadeTime="2" turnOffFadeTime="2" />
            <animationNode node="0>19|9"        rotSpeed="400"  rotAxis="1" turnOnFadeTime="2" turnOffFadeTime="2" />
            <animationNode node="0>19|10"        rotSpeed="-400"  rotAxis="1" turnOnFadeTime="2" turnOffFadeTime="2" />
            <animationNode node="0>19|11"        rotSpeed="400"  rotAxis="1" turnOnFadeTime="2" turnOffFadeTime="2" />
            <animationNode node="0>19|12"        rotSpeed="-500"  rotAxis="1" turnOnFadeTime="2" turnOffFadeTime="2" />
            <animationNode node="0>19|13"        rotSpeed="-400"  rotAxis="1" turnOnFadeTime="2" turnOffFadeTime="2" />
            <animationNode node="0>19|14"        rotSpeed="-500"  rotAxis="1" turnOnFadeTime="2" turnOffFadeTime="2" />
            <animationNode node="0>19|15"        rotSpeed="400"  rotAxis="1" turnOnFadeTime="2" turnOffFadeTime="2" />
            <animationNode node="0>19|16"        rotSpeed="400"  rotAxis="1" turnOnFadeTime="2" turnOffFadeTime="2" />
            <animationNode node="0>19|17"        rotSpeed="400"  rotAxis="1" turnOnFadeTime="2" turnOffFadeTime="2" />
        </animationNodes>
		
		
    </motorized>
	
    <drivable>
        <sounds>
            <waterSplash template="WATER_SPLASH_01" linkNode="0>" />
        </sounds>
        <steeringWheel node="0>8|0" indoorRotation="540" outdoorRotation="25" />
        <dashboards>
            <dashboard displayType="ROT"     valueType="accelerationAxis" node="0>22|1"   minRot="0 0 0" maxRot="20 0 0" doInterpolation="true" groups="MOTOR_ACTIVE"/>
            <dashboard displayType="ROT"     valueType="decelerationAxis" node="0>22|2" minRot="0 0 0" maxRot="25 0 0" doInterpolation="true" groups="MOTOR_ACTIVE"/>
        </dashboards>
		
    </drivable>
	
    <animations>
        <animation name="toggleChopper">
            <part node="0>18"  startTime="0" endTime="2" startRot="0 0 0" endRot="45 0 0" />
        </animation>
        <animation name="foldPipe">
            <part node="0>7|0"   startTime="0" endTime="5" startRot="0 0 0" endRot="0 0 -90" />
        </animation>		
    </animations>
	
    <cylindered>
	
        <movingTools>
            <movingTool node="0>11|1" playSound="false">
                <dependentPart node="0>17|0" />
            </movingTool>
        </movingTools>
		
        <movingParts>
            <!-- feeder -->
            <movingPart node="0>17|0" referencePoint="0>11|1|1" referenceFrame="0>">
                <translatingPart node="0>17|0|0" />
            </movingPart>
            <movingPart node="0>3|0|1" referencePoint="0>2|0|1" referenceFrame="0>" isActiveDirty="true"/>
            <movingPart node="0>17|1" referencePoint="0>2|0|2" referenceFrame="0>2|0|2" isActiveDirty="true">
                <translatingPart node="0>17|1|0" />
            </movingPart>
        </movingParts>

        <sounds>
            <hydraulic template="DEFAULT_HYDRAULIC_SOUND" linkNode="0>"/>
        </sounds>
	
    </cylindered>
	
    <fillUnit>
        <fillUnitConfigurations>
            <fillUnitConfiguration>
                <fillUnits>
                    <fillUnit unit="$l10n_unit_literShort" fillTypeCategories="combine" capacity="3000" >
                        <exactFillRootNode node="0>9|3"/>
                        <alarmTriggers>
                            <alarmTrigger minFillLevel="1" maxFillLevel="1" turnOffInTrigger="true"/>
                        </alarmTriggers>
						
                    </fillUnit>
                    <fillUnit unit="$l10n_unit_literShort" showOnHud="false" showInShop="false" fillTypes="diesel" capacity="300" />
                </fillUnits>
            </fillUnitConfiguration>
        </fillUnitConfigurations>
    </fillUnit>

    <fillVolume>
        <fillVolumeConfigurations>
            <fillVolumeConfiguration>
                <volumes>
                    <volume node="0>9|0" maxDelta="0.12" maxAllowedHeapAngle="15" fillUnitIndex="1" />
                </volumes>
            </fillVolumeConfiguration>
        </fillVolumeConfigurations>

        <unloadInfos>
            <unloadInfo>
                <node node="0>9|1" width="0.4" length="0.4" />
            </unloadInfo>
        </unloadInfos>

        <loadInfos>
            <loadInfo>
                <node node="0>9|2" width="0.4" length="0.4" />
            </loadInfo>
        </loadInfos>
    </fillVolume>
	
    <dischargeable>
        <dischargeNode node="0>7|0|5" emptySpeed="130" fillUnitIndex="1" maxDistance="8">
            <info width="0.4" length="0.4" useRaycastHitPosition="true"/>

            <effects>
                <effectNode effectClass="PipeEffect" effectNode="0>7|0|3"      materialType="pipe"  materialTypeId="1" delay="0"   maxBending="2" positionUpdateNodes="0>7|0|4" extraDistance="0.1"/>
                <effectNode                          effectNode="0>7|0|4" materialType="smoke" materialTypeId="1" delay="0.1" alignToWorldY="true"/>
            </effects>
        </dischargeNode>
    </dischargeable>
	
    <pipe unloadInfoIndex="1" foldMinState="1" foldMaxState="1" >
        <dischargeNode index="1" />
        <states num="2" unloading="2" />
        <animation name="foldPipe" speedScale="1" />
        <unloadingTriggers>
            <unloadingTrigger node="0>15" />
        </unloadingTriggers>
    </pipe>
	
	
    <combine fillUnitIndex="1" allowThreshingDuringRain="false">
        <swath available="true" workAreaIndex="2" />
        <chopper available="true" workAreaIndex="1" animName="toggleChopper" animSpeedScale="1" />
        <processing toggleTime="4.0" />
		
        <chopperEffect>
            <effectNode effectClass="ParticleEffect" effectNode="0>12|1|3" particleType="chopper" emitCountScale="10" worldSpace="false" />
            <effectNode effectNode="0>12|1|2" effectClass="ParticleEffect" particleType="smoke" emitCountScale="1"/>
        </chopperEffect>
		
        <strawEffect>
            <effectNode effectNode="0>12|2|0" materialType="straw" materialTypeId="1" delay="0"/>
            <effectNode effectNode="0>12|2|1" effectClass="ParticleEffect" particleType="smoke"/>
            <effectNode effectNode="0>12|2|2" effectClass="ParticleEffect" particleType="chopper" worldSpace="false"/>
            <effectNode effectNode="0>12|1|2" effectClass="ParticleEffect" particleType="smoke" emitCountScale="1"/>
            <effectNode effectClass="ParticleEffect" effectNode="0>12|2|2" particleType="chopper" worldSpace="false" />
        </strawEffect>
		
        <animationNodes>
		
            <animationNode node="0>11|1|3|1" shaderParameterName="offsetUV" shaderComponentScale="-0.1 0 0 0" rotSpeed="-5000" turnOnFadeTime="5" turnOffFadeTime="5"/>
            <animationNode node="0>11|1|3|0" shaderParameterName="offsetUV" shaderComponentScale="-0.1 0 0 0" rotSpeed="-5000" turnOnFadeTime="5" turnOffFadeTime="5"/>
		
		
            <animationNode node="0>11|1|2|0" rotSpeed="400"   rotAxis="1" turnOnFadeTime="2" turnOffFadeTime="2" />
            <animationNode node="0>11|1|2|1"        rotSpeed="400" rotAxis="1" turnOnFadeTime="3" turnOffFadeTime="5" />
            <animationNode node="0>11|1|2|2"        rotSpeed="400"  rotAxis="1" turnOnFadeTime="2" turnOffFadeTime="2" />
            <animationNode node="0>11|1|2|3"        rotSpeed="400"  rotAxis="1" turnOnFadeTime="2" turnOffFadeTime="2" />
            <animationNode node="0>11|1|2|4"        rotSpeed="400"  rotAxis="1" turnOnFadeTime="2" turnOffFadeTime="2" />
            <animationNode node="0>19|0"        rotSpeed="400"  rotAxis="1" turnOnFadeTime="2" turnOffFadeTime="2" />
            <animationNode node="0>19|1"        rotSpeed="400"  rotAxis="1" turnOnFadeTime="2" turnOffFadeTime="2" />
            <animationNode node="0>19|2"        rotSpeed="400"  rotAxis="1" turnOnFadeTime="2" turnOffFadeTime="2" />
            <animationNode node="0>19|3"        rotSpeed="400"  rotAxis="1" turnOnFadeTime="2" turnOffFadeTime="2" />
            <animationNode node="0>19|4"        rotSpeed="400"  rotAxis="1" turnOnFadeTime="2" turnOffFadeTime="2" />
            <animationNode node="0>19|5"        rotSpeed="400"  rotAxis="1" turnOnFadeTime="2" turnOffFadeTime="2" />
            <animationNode node="0>19|6"        rotSpeed="400"  rotAxis="1" turnOnFadeTime="2" turnOffFadeTime="2" />
            <animationNode node="0>19|7"        rotSpeed="800"  rotAxis="1" turnOnFadeTime="2" turnOffFadeTime="2" />
            <animationNode node="0>19|8"        rotSpeed="400"  rotAxis="1" turnOnFadeTime="2" turnOffFadeTime="2" />
            <animationNode node="0>19|9"        rotSpeed="400"  rotAxis="1" turnOnFadeTime="2" turnOffFadeTime="2" />
            <animationNode node="0>19|10"        rotSpeed="-400"  rotAxis="1" turnOnFadeTime="2" turnOffFadeTime="2" />
            <animationNode node="0>19|11"        rotSpeed="400"  rotAxis="1" turnOnFadeTime="2" turnOffFadeTime="2" />
            <animationNode node="0>19|12"        rotSpeed="-500"  rotAxis="1" turnOnFadeTime="2" turnOffFadeTime="2" />
            <animationNode node="0>19|13"        rotSpeed="-400"  rotAxis="1" turnOnFadeTime="2" turnOffFadeTime="2" />
            <animationNode node="0>19|14"        rotSpeed="-500"  rotAxis="1" turnOnFadeTime="2" turnOffFadeTime="2" />
            <animationNode node="0>19|15"        rotSpeed="400"  rotAxis="1" turnOnFadeTime="2" turnOffFadeTime="2" />
            <animationNode node="0>19|16"        rotSpeed="400"  rotAxis="1" turnOnFadeTime="2" turnOffFadeTime="2" />
            <animationNode node="0>19|17"        rotSpeed="400"  rotAxis="1" turnOnFadeTime="2" turnOffFadeTime="2" />
        </animationNodes>

        <!-- WORK SOUNDS -->
        <sounds>
            <start template="HARVESTER_TOOL_START" linkNode="0>"/>
            <work template="HARVESTER_TOOL_WORK" linkNode="0>"/>
            <stop template="HARVESTER_TOOL_STOP" linkNode="0>"/>
        </sounds>
    </combine>
	
	
    <foliageBending>
        <bendingNode minX="-1.55" maxX="1.55" minZ="-3.7" maxZ="1.35" yOffset="0.7" />
    </foliageBending>

    <wearable wearDuration="480" workMultiplier="5" fieldMultiplier="2"/>
    <washable dirtDuration="90" washDuration="1" workMultiplier="4" fieldMultiplier="2"/>
	
    <honk>
        <sound template="HONK_MF_HARVESTER" linkNode="0>" />
    </honk>
	
    <ai>
        <collisionTrigger node="0>14"/>
    </ai>
</vehicle>
