<?xml version="1.0" encoding="utf-8" standalone="no"?>
<modDesc descVersion="53">
    <author>Baki</author>
    <version>1.1.0.0</version>
    <title>
        <en>Rostselmash Niva Pack</en>
    </title>
    <description>
<en>
<![CDATA[Rostselmash Niva:
Price: 75,000.- €
Power: 155 hp
Capacity: 3,000 l

Hard Stream:
Price: 12,000.- €
Max. working speed: 10 kph
Working width: 4 m

Changelog 1.2.0.0:
- Repaired hubs
- Changed animations of straw, chaff
- Fixed rotation sounds
- DescVersion to 53
]]>
</en>
<de>
<![CDATA[Rostselmash Niva:
Preis: 75.000,- €
Leistung: 155 PS
Kapazität: 3.000 l

Hard Stream:
Preis: 12.000,- €
Arbeitsgeschwindigkeit: 10 km/h
Arbeitsbreite: 4 m

Änderungsprotokoll 1.2.0.0:
- Radnaben überarbeitet
- Geänderte Animationen von Häckselstroh und Spreu
- Rotationsgeräusche verändert
- DescVersion auf 53 geändert
]]>
</de>
        <pl>
            <![CDATA[
Rostselmash Niva:

Cena: 75000 €
Moc: 155 HP
Pojemność: 3000 l

Hard Stream:

Cena: 12000 €
Prędkość robocza: 10 km/h
Szerokość robocza: 4 m

Changelog 1.2.0.0:
-Naprawione piasty
-Zmienione animacje słomy, sieczki
-Naprawione dźwięki obrotów
-Descversion zmieniony na 53
]]>
        </pl>
    </description>
    <iconFilename>icon.dds</iconFilename>
    <multiplayer supported="true" />
    <storeItems>
        <storeItem rootNode="vehicle" xmlFilename="rostselmash/rsmNiva.xml"/>
        <storeItem rootNode="vehicle" xmlFilename="rostselmash/rsmGks5.xml"/>
    </storeItems>
</modDesc>
